x0,x1,label
9.83346929201134,0.3195651093777252,0
1.8010453051255848,8.705071600052035,0
4.423918279499989,3.488906449359642,1
0.2807296256238656,2.689037370052856,1
5.999494089257185,9.167512351796706,0
9.950973612288616,4.00495952837459,0
9.581510799195085,0.5793505013491762,0
9.825007398859341,8.581878294242932,0
7.773791053530483,8.084978955861356,0
0.38521346065909845,8.79507698953397,1
7.5403575805357566,1.0203354671132636,1
5.563801062986611,8.797315023281131,0
4.855559224103265,2.103157755581689,1
9.611634981746281,4.412181332381547,0
8.869879452061651,3.3491866182826446,0
4.072790969943522,6.813339201306747,0
1.1555312821324226,2.8121956540022186,1
0.43370034272152025,8.686878541373138,1
1.743795469383842,9.23997035552662,0
6.972938321976528,3.0054060376893355,1
7.834578976607509,1.1376015876770296,1
3.4342909533149344,1.0611050587297788,1
2.155431809082904,0.7464947197197458,1
4.727958548914169,1.5926106095591641,1
5.532307071163016,8.64636540947909,0
6.211447777152577,5.342536231167222,0
3.952324221840132,4.675782912633958,1
1.2945279636690021,2.5458071250926215,1
8.191004803187186,7.902706410956691,0
1.3836078412218766,1.4198152020186927,1
9.329670874268208,0.9104468983992242,0
0.9264859124555536,5.8196464215070645,1
5.358719212169785,2.9183415193652107,1
8.86271135625408,1.7213926338592522,0
2.36546754442847,5.331955627250483,1
8.76823180718591,5.317205870826376,0
6.754989424602539,5.071614973210536,0
4.5919225297948705,3.669678342294145,1
3.873416197650459,8.570212186599868,0
9.496385444282238,1.5011194277091522,0
1.2368065380684556,3.7949946039649496,1
6.624720088597876,7.5049676950118815,0
4.762933740259511,2.7457392948154924,1
8.257675387470822,5.220815849479555,0
8.124823359312419,9.902738951709951,0
6.39776359409752,1.0930023290654856,1
6.830842887477195,3.7999054738893823,0
9.285541902131198,9.321094046063116,0
8.129549458666206,4.861179244185276,0
4.692680868062123,0.4823560177007402,1
4.421662295043114,6.49077673111495,0
8.660525074211169,9.515190648274205,0
7.484837815802946,0.853209466024275,1
2.5921912652763957,1.1239579776033048,1
5.441564446206093,5.830626538391992,0
7.966601182894799,6.226822249505587,0
1.7017116238864882,8.18004981271262,1
7.961586174814693,0.7264609203698358,1
1.714429548863654,1.8135707787334743,1
8.993899739347656,3.322250818526382,0
4.985451390648969,7.1916474077043615,0
1.979148822119392,1.7028702870601364,1
4.801971300978875,6.002203294280005,0
8.083301330641842,1.7692579928190055,1
9.683815243364272,7.357330318886138,0
5.97282992461249,9.206733148259989,0
3.562114521732865,1.6862143679552544,1
0.7783453932125295,3.127259188096935,1
9.07294530073741,2.7628707724392845,0
5.03059137087818,0.5565003065584162,1
0.8166510016882689,3.3931201088903986,1
7.932821458905552,9.092017520857896,0
0.32944531186726467,8.884728370425938,1
5.570092646418892,9.89873191075538,0
3.371063870880231,6.188925980829564,1
1.735972704373131,4.51825888311436,1
9.732321019754359,7.122142847358596,0
3.839564892386508,4.029176850314732,1
7.468046979073726,3.7041962814100238,0
5.324562274276937,2.2578996154760778,1
2.1809801619964677,2.5418384631226907,1
2.9488759055823444,0.743330399415093,1
3.136875279093292,2.0386484979004615,1
4.391017351153366,1.6198836986839538,1
1.341441565313004,6.401688961546414,1
3.9256898362578907,7.219772641851046,0
4.262530950516061,6.080026760259787,0
7.013025396212348,8.805005267006162,0
9.15258204460012,8.280419725140655,0
1.4618805911988442,3.4758929194293886,1
1.1985851508188217,9.073612201688439,0
7.005916874710164,2.0335027267474945,1
9.882139790401169,1.6262684726085652,0
5.758671046608521,6.699592539212038,0
2.1311778638130985,2.7885851081253152,1
6.845222053262519,2.824891687380906,1
3.288317095304445,9.152107949155647,0
4.9922566262860535,6.019894560564902,0
9.334790163456637,5.120022382986795,0
5.905343934496745,8.586014194357901,0
3.2239975204770985,2.837027228408285,1
7.884737542818905,1.6517271447921777,1
7.468021459875166,8.79929896681722,0
2.558267885203259,8.167661678827924,0
6.701093998244395,1.1585410174783162,1
6.382840065866669,2.9870613395564636,1
2.4294155507224846,7.35506308344659,1
4.79838631897877,7.709660144067519,0
2.878752246210896,5.470514547432307,1
1.5882381185743177,9.282857596822131,0
9.454863272311673,3.4016155763016287,0
0.8355632337889451,8.958554931829747,1
8.431868267641692,3.5515596671605687,0
0.21440422102122936,9.961980226462503,0
9.067755132481352,2.124786807338037,0
0.40337212818826185,3.6995833260099187,1
0.4504818152786505,5.2192974308987585,1
1.7583948666733107,5.172122460977072,1
5.718183123617614,9.807771313942675,0
6.453473970651105,0.06448018147569012,1
7.465025888419303,5.938176141967776,0
6.895910576145296,5.748531749891367,0
3.3328046060440952,7.230764850556502,0
5.964086170986832,5.857721311277819,0
5.415789222331125,6.553998046912968,0
1.6501576995713962,9.181222503420223,0
8.003507194689076,1.7074054041937814,1
0.9008078403952979,1.6657644306440045,1
5.020413238426248,2.524677963114199,1
2.4266569746250743,2.3809059903632654,1
0.6959996828239889,1.7189183969861077,1
5.959852939168057,3.034468260152856,1
8.353185660092848,2.291781368092632,0
7.928651348561369,3.076520112525759,0
9.663678459309185,8.83119061694199,0
8.078850898305356,7.217486415702985,0
3.6442428258740636,3.021120708257331,1
4.14280493109925,7.1409260646334936,0
2.558697735735432,9.805965894852417,0
1.231396978738969,8.348226898137222,1
9.243192500374759,8.145028278864393,0
3.050775562384922,8.443323101828575,0
5.5957038505354975,7.291231721785655,0
3.430269516272746,1.7779101167970923,1
1.740759535104287,0.27211872348854027,1
2.8482884682819476,3.112527352081478,1
0.05358632584810841,4.907780357610507,1
1.6108772283667416,5.751055058650295,1
4.723567146642186,4.840995151314635,1
4.518317460328158,5.562449579307587,0
7.305190038800027,1.54131409892161,1
8.032327354817419,9.296258288281765,0
4.51562060277658,2.9486504436011884,1
9.640813988435827,6.022070732775408,0
7.160195863473936,3.393591814753986,0
8.290959212245362,1.6325148211393326,1
9.631067521581665,1.5807784767204958,0
7.4289624849576095,4.163354466315389,0
0.5261367964375296,2.325462461517324,1
5.74619795451797,6.738415025790746,0
3.377722848657676,8.132569589375905,0
2.43951738656759,7.757753824898944,0
1.5511931748879815,8.584643153538424,0
3.9555185214986155,5.094134202932189,1
2.5227503116367545,0.6691799150795696,1
6.2147025979025745,4.080344105617004,0
6.519447679037925,5.823808584217569,0
8.96127444170886,9.068471542264902,0
1.9064084598884279,8.08993867130381,1
0.797466878446087,6.3198470245365606,1
5.674894534801064,6.182317436345491,0
2.611534938194607,9.900972224221693,0
9.656848909567499,2.4653808801330133,0
5.423892655054685,9.322889465347533,0
1.403319677877679,5.376913796919597,1
5.929741006562549,9.120571853085252,0
2.3551236767757064,2.7247189243634864,1
1.4524380619715727,4.98278875586564,1
8.858574143699096,8.598120616379056,0
2.9153645756383972,8.739163361699777,0
1.0277006321119708,1.0357817723034024,1
4.007028404188068,9.41954982675882,0
6.167560380070528,4.987783353132462,0
9.773740915492024,6.69260395999088,0
7.577812310883046,8.046269565966274,0
0.3195263953509142,7.42260032856993,1
6.1914888883737405,6.927638790535222,0
2.8356047703430933,5.645030391419985,1
6.068577609800382,1.1290978774868887,1
5.68453437366108,6.861331640570775,0
1.4620603664094067,5.278161930323277,1
6.1700917665839015,7.446442205120859,0
3.160868435740829,1.7641456070304695,1
2.0760607871196446,7.493963290784066,1
3.515478303668509,0.9076262235469557,1
2.7872183514149116,9.512595147541399,0
1.3101107427914116,6.831464141119598,1
9.565300664448772,5.736285216197183,0
1.33544415162265,5.35569598423418,1
7.266871474736686,1.7494652940603161,1
6.065429890147839,5.9173727704981385,0
4.299583699910675,6.816874175920866,0
3.459289058478708,7.694615077904992,0
4.54209987940369,1.5060002753714896,1
4.568257200542228,6.698119685638304,0
3.1020095094626496,6.3299506058853865,1
3.7419756527962966,9.459875454129573,0
0.6949523456928741,1.7967337241115933,1
2.6608819229476923,2.9541630153448892,1
4.541711772183374,1.4754419137557229,1
9.333314438885417,3.4684145754148865,0
3.3395533240983912,3.32890316731137,1
5.252204726011386,1.0831015218150342,1
2.6158069843823126,3.6723635344289187,1
4.219555381029009,2.4234947074567224,1
1.3086189550897187,6.56685703946561,1
6.756028938477099,5.025354489134307,0
3.708492999322427,1.0789359412042099,1
4.781592131432511,2.46371727473793,1
5.048085751015291,2.5063626594015864,1
3.212886321934312,1.4097661842613396,1
0.3069004336050585,5.508947105794153,1
6.526230240030454,7.834904836552744,0
5.549933623687605,7.483698865639056,0
1.9130837771186893,7.476419232429795,1
2.414563044224071,0.6628335869826951,1
9.296598324209144,6.350911381947757,0
0.7150294393781897,7.56799253789635,1
0.005344226005417063,8.537626830630376,1
4.2677505362343915,1.4231916272785272,1
2.0717929591594553,8.151810313609204,0
8.967764279740685,4.5891783557367285,0
8.447930325977488,5.984559391873919,0
0.24488747638829245,9.194774795834345,1
4.57691847249451,4.596693620453048,1
2.13037275471732,8.388636904378831,0
8.005566697021933,7.864319867390991,0
9.55147584934145,1.34234813116889,0
8.911702504572814,9.20158168420587,0
6.884960795637886,6.201540144590769,0
3.2131990430137236,3.129565458352853,1
1.6059272449226458,4.371927563583712,1
6.110827260923857,8.334670711947314,0
0.14076724766191262,8.804712404159371,1
7.565187655707946,3.3758024044505586,0
3.7837227768903503,6.285310226936832,0
9.05595592862967,7.045245569397535,0
5.401739124493586,0.2190851569045349,1
9.76530850373882,6.873208452016265,0
6.593689352894447,4.275830229278437,0
5.895017848028065,1.495438810762919,1
9.549417371492616,2.946148778923999,0
6.014488077234347,5.382805599068493,0
0.1400933051265285,1.2609591265264342,1
0.18059233089706916,0.8818321426229725,1
7.188404229755029,2.3584913950623543,1
7.950629424601252,4.806260185130106,0
3.2957719904692073,1.4581480976862182,1
0.9872212109737033,0.8068735798705118,1
9.716333068378985,1.1250957581672139,0
3.8636739054040916,7.231052998007219,0
8.52119466932087,6.60569193901857,0
8.423467970183658,7.844152831713437,0
2.827222221265143,1.2277260656862243,1
1.4820110835939937,0.8571477755713175,1
0.6145012177192233,0.7196027582231568,1
0.3196242739636279,6.278396170016174,1
5.99367695607514,1.412553086348044,1
8.789811491550845,4.050955579919245,0
8.924522218727288,2.2872108379043543,0
1.4843177211104186,6.253823818377145,1
7.3734330366234975,1.051888878993733,1
8.9050540717498,2.339429137161199,0
3.2282931320946187,8.0886357453266,0
3.368291463280386,9.243789521718185,0
7.186501570768278,4.315559983423679,0
1.3545522785516828,2.103846317184458,1
1.74337450303651,1.6462235852692886,1
2.261014573414676,0.38094238832770744,1
5.593382265871818,5.690630796493363,0
3.979445203321604,2.853238672787559,1
9.285975176174977,5.844942543114334,0
4.67514500345149,1.249987983983858,1
4.611638852707162,8.86912966338892,0
5.432483607136653,1.721434474073661,1
9.494274248440774,2.813491812662521,0
1.0384861559728331,6.8325585743974635,1
3.179133474243857,8.410542561316387,0
9.098732212103638,9.98867143247557,0
2.617072777185123,8.073147589645394,0
9.683901580452229,7.5628269343520005,0
5.80260990865945,9.258825749040462,0
1.48069811308277,9.31125690485356,0
9.482315212959689,7.0277415848840805,0
9.515954016485495,6.41091344856326,0
5.48690716336705,7.178407503943472,0
6.07583294912764,7.542290017303895,0
1.3046286653681338,5.852868440135413,1
6.814553486863301,9.737664065547362,0
2.4922231317551335,8.483033514118436,0
5.372400339296343,3.887118821357772,1
1.6361597611944356,1.6223252697370216,1
1.8496560233489068,8.410575255588865,0
3.928894625421334,7.397495145369236,0
7.906208534975607,1.0851144272252733,1
1.7952248831915996,6.7946942454628605,1
2.6356078763733226,6.740499904413053,1
1.2593878743071618,4.281891235988057,1
8.201523451309592,8.01854086633583,0
9.902324104453808,1.1876965745665902,0
8.983715618480414,3.29957501238861,0
3.621026825087216,6.714019332553636,0
2.715870501189779,3.8641078535437003,1
2.456964331482474,2.0530134846048345,1
2.2624229076782187,3.887549629188176,1
1.1827600020558837,8.768615392329245,1
6.692921216600909,2.29118218754909,1
3.010112025571191,5.898817766927703,1
6.63348602490556,4.054574623098616,0
3.85953797049303,1.4919226049286871,1
9.41586498823015,4.17787229191668,0
2.243630589211204,3.6642917149713683,1
7.432665578605146,2.8046706700127277,0
9.302376695580662,3.559217477466019,0
8.090771391937606,9.729703620161914,0
2.5303956806762242,4.995054155704901,1
5.074196157431051,4.769122325660479,1
5.792837947608645,3.938774336763453,1
0.9584493651865489,4.2326596629634805,1
7.971970163361673,9.622392741284765,0
6.100875806810496,4.401054743796355,0
6.824277006015322,8.111450550950163,0
3.8980452924568176,8.517000393521704,0
5.235191430450701,8.794703330880704,0
8.11125142926525,6.54830878589456,0
0.6942867986298751,8.962778430437597,1
4.385924684927919,0.8359017596241647,1
0.4334950937358317,4.566520206180112,1
2.0919831306825487,1.0956058540051683,1
7.197466941529134,9.911627065188892,0
3.9297690599707735,4.722928720326218,1
8.050824217197565,9.265027766725177,0
3.6758270859107265,9.919204639828754,0
3.434163698102423,4.212925664271311,1
7.46056997003112,4.009848176498833,0
6.824922230029755,8.292312972328833,0
5.608297190544928,0.3523947185376364,1
5.824522227652091,8.344074155436509,0
5.359007644119141,2.4088977161049616,1
3.407153315859903,6.9765720351011815,0
6.920806241263952,1.21598846077683,1
1.8809611011571392,9.53789425455905,0
1.3594354212698156,6.4731570777085965,1
0.017803486828301684,7.360218918168514,1
5.596548390592688,1.5994200125200486,1
6.587290969558502,8.802078681367313,0
0.8496174252580901,6.073301427620557,1
4.48940069749055,6.686835097252356,0
8.36895793203942,4.518233333845223,0
0.34198328053512306,4.292645056741502,1
3.780903352038154,1.2385361899939173,1
6.768675495675752,2.842390306223389,1
1.8791766512153996,2.9018225065957193,1
5.3576458167170005,2.2470205595747994,1
7.274063720463337,6.961484726416703,0
3.885399799933592,0.4617429839053466,1
1.188435007027031,9.976356858573785,0
3.2388327703114195,1.8097064870604163,1
8.674108540428966,9.093121961083929,0
3.6399734563434616,3.350282040742527,1
3.0154810509704744,2.918798449511816,1
9.64269084661023,9.57688822005531,0
9.69758453876503,1.8128859923558682,0
3.4562471553883425,7.4513723747017,0
6.886736877085745,4.475459267747016,0
1.197151797639685,5.07243219035436,1
7.958227249461069,9.981383634827036,0
0.4101326041890707,8.271181834735504,1
6.338597743158879,5.0794483498106295,0
2.016602026970742,3.7801680795742767,1
5.509631838753672,0.9941670863407359,1
5.782393141352378,5.965265486755655,0
7.418055010562733,0.42688809348457313,1
0.09872397002455569,1.6265555608943738,1
9.901107270813139,0.9979519086847111,0
0.10413880289920074,8.687761392446804,1
3.1771528615895708,2.547500135796954,1
3.3676503003106175,8.032066648823864,0
5.5506100088882695,3.224286642048005,1
1.90300766178925,8.477778795973634,0
0.5874182227364444,9.632762423394043,0
9.57566334317676,9.415154074638238,0
6.932368574326677,4.006199187535709,0
8.001297619159077,4.738087009835418,0
2.322730364420984,1.2231208225987567,1
1.5636831428072762,8.034092804627925,1
2.4385340710280055,2.766353294455748,1
0.6384250431656402,6.582361905889598,1
0.7235790652364926,2.122178231091562,1
4.984348051060643,5.527638115698465,0
8.393196666445983,1.361070931411238,1
6.1657628525977035,6.120359272976886,0
9.47634614333444,6.0034788658867875,0
2.153493615710077,6.159560735190977,1
9.129271863080481,4.044433140959044,0
7.95828220600304,3.9731349676633654,0
7.549602165851366,3.9567187391736445,0
1.571079215237433,7.272569948716541,1
8.321548806896278,0.19356058659433018,1
8.704876562455533,7.885721927081493,0
8.542455886992183,9.095750011321094,0
4.7326150181690565,3.43426324368259,1
9.646141267380289,6.573703381879492,0
2.7691265845719526,6.955122910730571,1
2.079895341546516,8.015005402897678,0
9.311566537246645,0.9632779485959009,0
8.165087209363653,4.1729537475758,0
6.4842944735352726,8.238905460723903,0
2.9766379315873346,8.111639646412902,0
3.0153414987373894,6.646853248731672,1
6.701187658025608,5.1631276274961015,0
7.447418028700131,7.2827161849090025,0
2.9546003451550975,6.830593655344947,1
2.2106358212637445,0.3917736995887633,1
9.00860344911943,6.891961892144217,0
5.763438615876565,5.333450581677961,0
5.7607543755257815,4.316864708330353,0
0.6498404142423186,4.077616167407845,1
8.785107958143689,2.705793192441245,0
6.408918270776072,0.6315047876000801,1
3.239515968482909,1.030016798295923,1
9.211773293013945,6.351714347010314,0
0.02572972313962474,0.04193786615533823,1
6.556568561102825,4.381188804779618,0
5.740750013279862,1.9367661146176263,1
5.663824438530096,0.9770528908654885,1
3.191702321673838,6.092770176012857,1
8.477214042035616,5.364127984941019,0
8.057425179195159,5.046001478443454,0
3.192471502819557,5.122712618898122,1
6.329035301810073,4.10371387481182,0
7.7149469322997355,9.963337341344428,0
5.077950494616963,5.09003800577911,0
9.9175851601687,3.644298606365115,0
3.3731177022616956,0.47232268870256555,1
0.9978165121401339,8.551175364203772,1
0.138846353358123,0.7915287882625621,1
5.683105376168557,3.6483216585973244,1
6.214939999907023,9.103615608569003,0
7.671106087065881,8.805857542447516,0
8.14428079750178,1.669300046374761,1
1.2141555109010727,4.254456923020548,1
2.4422746699743216,5.179708132553323,1
1.722289386394803,9.864709083488066,0
5.38016986025028,2.7804498228069785,1
1.5849700319576498,5.63809866062141,1
1.8418692230012945,0.9899995865826317,1
2.953395490407326,7.3559745221485615,0
7.640683366811989,7.717415361713874,0
6.668978544291038,6.482746596459329,0
5.5121203710670645,6.554722039566286,0
7.3393562528834835,9.82488085697717,0
7.3221601965149175,6.453075023938451,0
9.861645216510711,4.052717725931277,0
0.25314950182922513,6.662090314153181,1
7.431315529496607,9.540229673144168,0
9.42247782648407,7.248336925009883,0
5.590447022452606,0.22016700873371153,1
8.836323984886237,5.472250201664496,0
0.73753658470325,4.6907155581544435,1
1.4189303274928966,3.650235120803582,1
9.320102116466337,7.417147474573209,0
6.742547952283341,9.444347649456507,0
7.217711878063221,9.259349198384678,0
3.4196242981732636,0.8520097972545626,1
9.318493517771799,6.253345690739068,0
5.107028357755042,3.2206765720737494,1
0.5365593671253477,3.502619457327497,1
2.514475124810096,9.153981212836136,0
5.134871876394755,4.478976529407415,1
0.20922080143889854,5.220977380278207,1
0.9212344634609482,5.337804511203324,1
5.090735904734096,4.707379403680965,1
2.655666918231143,6.701491283203143,1
8.39273134631308,3.9302722168428605,0
5.707102659674469,8.040108983525363,0
8.647963634711106,3.0748500013603497,0
3.738303481955972,0.6225190707293649,1
6.5316411384600865,3.689691656801475,0
5.359220271210411,6.143515901846036,0
2.768276711769979,1.4803722137492759,1
6.837145335836441,7.225334799602772,0
4.0661336550563405,0.033540234912509126,1
6.793855609467119,5.296827852105915,0
2.188706017884119,0.17343251749963318,1
4.99545770282149,8.437083158549584,0
6.636632227349178,9.931535343270017,0
6.373258813479854,8.098388131935643,0
1.2303308708424476,7.16984440509207,1
6.070298060865056,0.7418244420363185,1
